timestamp_ms,sample_sequence,accel_raw_x,accel_raw_y,accel_raw_z,gyro_raw_x,gyro_raw_y,gyro_raw_z,mag_raw_x,mag_raw_y,mag_raw_z,accel_boat_x,accel_boat_y,accel_boat_z,gyro_boat_x,gyro_boat_y,gyro_boat_z,mag_boat_x,mag_boat_y,mag_boat_z,mag_corrected_x,mag_corrected_y,mag_corrected_z,mag_magnitude,dmp_q0,dmp_q1,dmp_q2,dmp_q3,dmp_roll_deg,dmp_pitch_deg,dmp_heading_deg,compass_heading_deg,fusion_heading_deg,output_heading_deg,rate_of_turn_deg_s,active_heading_source,heading_quality,rejection_flags,dmp_sample_age_ms,fifo_error_count,sensor_error_count
0,0,0,0,1,0,0,12,22,0,45,0,0,1,0,0,12,22,0,45,22,0,45,50.0899,1,0,0,0,0,0,0,0,1.19996,0,12,software_compass,2,1,0,0,0
100,1,0,0,1,0,0,12,21.9952,-0.460733,45,0,0,1,0,0,12,21.9952,-0.460733,45,21.9952,-0.460733,45,50.0899,0.999945,0,0,0.0104718,0,0,1.2,358.8,2.39991,358.8,12,software_compass,2,1,0,0,0
200,2,0,0,1,0,0,12,21.9807,-0.921264,45,0,0,1,0,0,12,21.9807,-0.921264,45,21.9807,-0.921264,45,50.0899,0.999781,0,0,0.0209424,0,0,2.4,357.6,3.59987,357.6,12,software_compass,2,1,0,0,0
300,3,0,0,1,0,0,12,21.9566,-1.38139,45,0,0,1,0,0,12,21.9566,-1.38139,45,21.9566,-1.38139,45,50.0899,0.999507,0,0,0.0314108,0,0,3.6,356.4,4.79983,356.4,12,software_compass,2,1,0,0,0
400,4,0,0,1,0,0,12,21.9228,-1.84091,45,0,0,1,0,0,12,21.9228,-1.84091,45,21.9228,-1.84091,45,50.0899,0.999123,0,0,0.0418757,0,0,4.8,355.2,5.99979,355.2,12,software_compass,2,1,0,0,0
500,5,0,0,1,0,0,12,21.8795,-2.29963,45,0,0,1,0,0,12,21.8795,-2.29963,45,21.8795,-2.29963,45,50.0899,0.99863,0,0,0.052336,0,0,6,354,7.19976,354,12,software_compass,2,1,0,0,0
600,6,0,0,1,0,0,12,21.8265,-2.75733,45,0,0,1,0,0,12,21.8265,-2.75733,45,21.8265,-2.75733,45,50.0899,0.998027,0,0,0.0627905,0,0,7.2,352.8,8.39972,352.8,12,software_compass,2,1,0,0,0
700,7,0,0,1,0,0,12,21.764,-3.21383,45,0,0,1,0,0,12,21.764,-3.21383,45,21.764,-3.21383,45,50.0899,0.997314,0,0,0.0732382,0,0,8.4,351.6,9.59968,351.6,12,software_compass,2,1,0,0,0
800,8,0,0,1,0,0,12,21.6919,-3.66891,45,0,0,1,0,0,12,21.6919,-3.66891,45,21.6919,-3.66891,45,50.0899,0.996493,0,0,0.0836778,0,0,9.6,350.4,10.7996,350.4,12,software_compass,2,1,0,0,0
900,9,0,0,1,0,0,12,21.6103,-4.12239,45,0,0,1,0,0,12,21.6103,-4.12239,45,21.6103,-4.12239,45,50.0899,0.995562,0,0,0.0941083,0,0,10.8,349.2,11.9996,349.2,12,software_compass,2,1,0,0,0
1000,10,0,0,1,0,0,12,21.5192,-4.57406,45,0,0,1,0,0,12,21.5192,-4.57406,45,21.5192,-4.57406,45,50.0899,0.994522,0,0,0.104528,0,0,12,348,13.1996,348,12,software_compass,2,1,0,0,0
1100,11,0,0,1,0,0,12,21.4187,-5.02372,45,0,0,1,0,0,12,21.4187,-5.02372,45,21.4187,-5.02372,45,50.0899,0.993373,0,0,0.114937,0,0,13.2,346.8,14.3995,346.8,12,software_compass,2,1,0,0,0
1200,12,0,0,1,0,0,12,21.3088,-5.47118,45,0,0,1,0,0,12,21.3088,-5.47118,45,21.3088,-5.47118,45,50.0899,0.992115,0,0,0.125333,0,0,14.4,345.6,15.5995,345.6,12,software_compass,2,1,0,0,0
1300,13,0,0,1,0,0,12,21.1896,-5.91624,45,0,0,1,0,0,12,21.1896,-5.91624,45,21.1896,-5.91624,45,50.0899,0.990748,0,0,0.135716,0,0,15.6,344.4,16.7995,344.4,12,software_compass,2,65,0,0,0
1400,14,0,0,1,0,0,12,21.061,-6.3587,45,0,0,1,0,0,12,21.061,-6.3587,45,21.061,-6.3587,45,50.0899,0.989272,0,0,0.146083,0,0,16.8,343.2,17.9995,343.2,12,software_compass,2,65,0,0,0
1500,15,0,0,1,0,0,12,20.9232,-6.79837,45,0,0,1,0,0,12,20.9232,-6.79837,45,20.9232,-6.79837,45,50.0899,0.987688,0,0,0.156434,0,0,18,342,19.1994,342,12,software_compass,2,65,0,0,0
1600,16,0,0,1,0,0,12,20.7763,-7.23507,45,0,0,1,0,0,12,20.7763,-7.23507,45,20.7763,-7.23507,45,50.0899,0.985996,0,0,0.166769,0,0,19.2,340.8,20.3994,340.8,12,software_compass,2,65,0,0,0
1700,17,0,0,1,0,0,12,20.6202,-7.66859,45,0,0,1,0,0,12,20.6202,-7.66859,45,20.6202,-7.66859,45,50.0899,0.984196,0,0,0.177085,0,0,20.4,339.6,21.5994,339.6,12,software_compass,2,65,0,0,0
1800,18,0,0,1,0,0,12,20.4551,-8.09874,45,0,0,1,0,0,12,20.4551,-8.09874,45,20.4551,-8.09874,45,50.0899,0.982287,0,0,0.187381,0,0,21.6,338.4,22.7993,338.4,12,software_compass,2,65,0,0,0
1900,19,0,0,1,0,0,12,20.281,-8.52534,45,0,0,1,0,0,12,20.281,-8.52534,45,20.281,-8.52534,45,50.0899,0.980271,0,0,0.197657,0,0,22.8,337.2,23.9993,337.2,12,software_compass,2,65,0,0,0
2000,20,0,0,1,0,0,12,20.098,-8.94821,45,0,0,1,0,0,12,20.098,-8.94821,45,20.098,-8.94821,45,50.0899,0.978148,0,0,0.207912,0,0,24,336,25.1993,336,12,software_compass,2,65,0,0,0
2100,21,0,0,1,0,0,12,19.9062,-9.36714,45,0,0,1,0,0,12,19.9062,-9.36714,45,19.9062,-9.36714,45,50.0899,0.975917,0,0,0.218143,0,0,25.2,334.8,26.3992,334.8,12,software_compass,2,65,0,0,0
2200,22,0,0,1,0,0,12,19.7057,-9.78197,45,0,0,1,0,0,12,19.7057,-9.78197,45,19.7057,-9.78197,45,50.0899,0.973579,0,0,0.228351,0,0,26.4,333.6,27.5992,333.6,12,software_compass,2,65,0,0,0
2300,23,0,0,1,0,0,12,19.4965,-10.1925,45,0,0,1,0,0,12,19.4965,-10.1925,45,19.4965,-10.1925,45,50.0899,0.971134,0,0,0.238533,0,0,27.6,332.4,28.7992,332.4,12,software_compass,2,65,0,0,0
2400,24,0,0,1,0,0,12,19.2787,-10.5986,45,0,0,1,0,0,12,19.2787,-10.5986,45,19.2787,-10.5986,45,50.0899,0.968583,0,0,0.24869,0,0,28.8,331.2,29.9992,331.2,12,software_compass,2,65,0,0,0
2500,25,0,0,1,0,0,12,19.0526,-11,45,0,0,1,0,0,12,19.0526,-11,45,19.0526,-11,45,50.0899,0.965926,0,0,0.258819,0,0,30,330,31.1991,330,12,software_compass,2,65,0,0,0
2600,26,0,0,1,0,0,12,18.818,-11.3966,45,0,0,1,0,0,12,18.818,-11.3966,45,18.818,-11.3966,45,50.0899,0.963163,0,0,0.26892,0,0,31.2,328.8,32.3991,328.8,12,software_compass,2,65,0,0,0
2700,27,0,0,1,0,0,12,18.5752,-11.7882,45,0,0,1,0,0,12,18.5752,-11.7882,45,18.5752,-11.7882,45,50.0899,0.960294,0,0,0.278991,0,0,32.4,327.6,33.5991,327.6,12,software_compass,2,65,0,0,0
2800,28,0,0,1,0,0,12,18.3243,-12.1746,45,0,0,1,0,0,12,18.3243,-12.1746,45,18.3243,-12.1746,45,50.0899,0.957319,0,0,0.289032,0,0,33.6,326.4,34.7991,326.4,12,software_compass,2,65,0,0,0
2900,29,0,0,1,0,0,12,18.0653,-12.5557,45,0,0,1,0,0,12,18.0653,-12.5557,45,18.0653,-12.5557,45,50.0899,0.95424,0,0,0.299041,0,0,34.8,325.2,35.9991,325.2,12,software_compass,2,65,0,0,0
3000,30,0,0,1,0,0,12,17.7984,-12.9313,45,0,0,1,0,0,12,17.7984,-12.9313,45,17.7984,-12.9313,45,50.0899,0.951057,0,0,0.309017,0,0,36,324,37.199,324,12,software_compass,2,65,0,0,0
3100,31,0,0,1,0,0,12,17.5237,-13.3012,45,0,0,1,0,0,12,17.5237,-13.3012,45,17.5237,-13.3012,45,50.0899,0.947768,0,0,0.318959,0,0,37.2,322.8,38.399,324,12,software_9axis_fusion,2,65,0,0,0
3200,32,0,0,1,0,0,12,17.2413,-13.6653,45,0,0,1,0,0,12,17.2413,-13.6653,45,17.2413,-13.6653,45,50.0899,0.944376,0,0,0.328867,0,0,38.4,321.6,39.599,331.56,12,software_9axis_fusion,2,65,0,0,0
3300,33,0,0,1,0,0,12,16.9513,-14.0233,45,0,0,1,0,0,12,16.9513,-14.0233,45,16.9513,-14.0233,45,50.0899,0.940881,0,0,0.338738,0,0,39.6,320.4,40.799,339.36,12,software_9axis_fusion,2,65,0,0,0
3400,34,0,0,1,0,0,12,16.6539,-14.3753,45,0,0,1,0,0,12,16.6539,-14.3753,45,16.6539,-14.3753,45,50.0899,0.937282,0,0,0.348572,0,0,40.8,319.2,41.9989,347.4,12,software_9axis_fusion,2,65,0,0,0
3500,35,0,0,1,0,0,12,16.3492,-14.7209,45,0,0,1,0,0,12,16.3492,-14.7209,45,16.3492,-14.7209,45,50.0899,0.93358,0,0,0.358368,0,0,42,318,43.1989,355.68,12,software_9axis_fusion,2,65,0,0,0
3600,36,0,0,1,0,0,12,16.0373,-15.06,45,0,0,1,0,0,12,16.0373,-15.06,45,16.0373,-15.06,45,50.0899,0.929776,0,0,0.368125,0,0,43.2,316.8,44.3989,4.19945,12,software_9axis_fusion,2,65,0,0,0
3700,37,0,0,1,0,0,12,15.7184,-15.3926,45,0,0,1,0,0,12,15.7184,-15.3926,45,15.7184,-15.3926,45,50.0899,0.925871,0,0,0.377841,0,0,44.4,315.6,45.5989,12.9593,12,software_9axis_fusion,2,65,0,0,0
3800,38,0,0,1,0,0,12,15.3926,-15.7184,45,0,0,1,0,0,12,15.3926,-15.7184,45,15.3926,-15.7184,45,50.0899,0.921863,0,0,0.387516,0,0,45.6,314.4,46.7989,21.9592,12,software_9axis_fusion,2,65,0,0,0
3900,39,0,0,1,0,0,12,15.06,-16.0373,45,0,0,1,0,0,12,15.06,-16.0373,45,15.06,-16.0373,45,50.0899,0.917755,0,0,0.397148,0,0,46.8,313.2,47.9988,31.1991,12,software_9axis_fusion,2,65,0,0,0
4000,40,0,0,1,0,0,12,14.7209,-16.3492,45,0,0,1,0,0,12,14.7209,-16.3492,45,14.7209,-16.3492,45,50.0899,0.913545,0,0,0.406737,0,0,48,312,49.1988,40.6789,12,software_9axis_fusion,2,65,0,0,0
4100,41,0,0,1,0,0,12,14.3753,-16.6539,45,0,0,1,0,0,12,14.3753,-16.6539,45,14.3753,-16.6539,45,50.0899,0.909236,0,0,0.416281,0,0,49.2,310.8,50.3988,50.3988,12,software_9axis_fusion,2,65,0,0,0
4200,42,0,0,1,0,0,12,14.0233,-16.9513,45,0,0,1,0,0,12,14.0233,-16.9513,45,14.0233,-16.9513,45,50.0899,0.904827,0,0,0.425779,0,0,50.4,309.6,51.5988,51.5988,12,software_9axis_fusion,2,65,0,0,0
4300,43,0,0,1,0,0,12,13.6653,-17.2413,45,0,0,1,0,0,12,13.6653,-17.2413,45,13.6653,-17.2413,45,50.0899,0.900319,0,0,0.435231,0,0,51.6,308.4,52.7988,52.7988,12,software_9axis_fusion,2,65,0,0,0
4400,44,0,0,1,0,0,12,13.3012,-17.5237,45,0,0,1,0,0,12,13.3012,-17.5237,45,13.3012,-17.5237,45,50.0899,0.895712,0,0,0.444635,0,0,52.8,307.2,53.9988,53.9988,12,software_9axis_fusion,2,65,0,0,0
4500,45,0,0,1,0,0,12,12.9313,-17.7984,45,0,0,1,0,0,12,12.9313,-17.7984,45,12.9313,-17.7984,45,50.0899,0.891007,0,0,0.45399,0,0,54,306,55.1987,55.1987,12,software_9axis_fusion,2,65,0,0,0
4600,46,0,0,1,0,0,12,12.5557,-18.0653,45,0,0,1,0,0,12,12.5557,-18.0653,45,12.5557,-18.0653,45,50.0899,0.886204,0,0,0.463296,0,0,55.2,304.8,56.3987,56.3987,12,software_9axis_fusion,2,65,0,0,0
4700,47,0,0,1,0,0,12,12.1746,-18.3243,45,0,0,1,0,0,12,12.1746,-18.3243,45,12.1746,-18.3243,45,50.0899,0.881303,0,0,0.472551,0,0,56.4,303.6,57.5987,57.5987,12,software_9axis_fusion,2,65,0,0,0
4800,48,0,0,1,0,0,12,11.7882,-18.5752,45,0,0,1,0,0,12,11.7882,-18.5752,45,11.7882,-18.5752,45,50.0899,0.876307,0,0,0.481754,0,0,57.6,302.4,58.7987,58.7987,12,software_9axis_fusion,2,65,0,0,0
4900,49,0,0,1,0,0,12,11.3966,-18.818,45,0,0,1,0,0,12,11.3966,-18.818,45,11.3966,-18.818,45,50.0899,0.871214,0,0,0.490904,0,0,58.8,301.2,59.9987,59.9987,12,software_9axis_fusion,2,65,0,0,0
5000,50,0,0,1,0,0,12,11,-19.0526,45,0,0,1,0,0,12,11,-19.0526,45,11,-19.0526,45,50.0899,0.866025,0,0,0.5,0,0,60,300,61.1987,61.1987,12,software_9axis_fusion,2,65,0,0,0
5100,51,0,0,1,0,0,12,10.5986,-19.2787,45,0,0,1,0,0,12,10.5986,-19.2787,45,10.5986,-19.2787,45,50.0899,0.860742,0,0,0.509041,0,0,61.2,298.8,62.3986,62.3986,12,software_9axis_fusion,2,65,0,0,0
5200,52,0,0,1,0,0,12,10.1925,-19.4965,45,0,0,1,0,0,12,10.1925,-19.4965,45,10.1925,-19.4965,45,50.0899,0.855364,0,0,0.518027,0,0,62.4,297.6,63.5986,63.5986,12,software_9axis_fusion,2,65,0,0,0
5300,53,0,0,1,0,0,12,9.78197,-19.7057,45,0,0,1,0,0,12,9.78197,-19.7057,45,9.78197,-19.7057,45,50.0899,0.849893,0,0,0.526956,0,0,63.6,296.4,64.7986,64.7986,12,software_9axis_fusion,2,65,0,0,0
5400,54,0,0,1,0,0,12,9.36714,-19.9062,45,0,0,1,0,0,12,9.36714,-19.9062,45,9.36714,-19.9062,45,50.0899,0.844328,0,0,0.535827,0,0,64.8,295.2,65.9986,65.9986,12,software_9axis_fusion,2,65,0,0,0
5500,55,0,0,1,0,0,12,8.94821,-20.098,45,0,0,1,0,0,12,8.94821,-20.098,45,8.94821,-20.098,45,50.0899,0.838671,0,0,0.544639,0,0,66,294,67.1986,67.1986,12,software_9axis_fusion,2,65,0,0,0
5600,56,0,0,1,0,0,12,8.52534,-20.281,45,0,0,1,0,0,12,8.52534,-20.281,45,8.52534,-20.281,45,50.0899,0.832921,0,0,0.553392,0,0,67.2,292.8,68.3986,68.3986,12,software_9axis_fusion,2,65,0,0,0
5700,57,0,0,1,0,0,12,8.09874,-20.4551,45,0,0,1,0,0,12,8.09874,-20.4551,45,8.09874,-20.4551,45,50.0899,0.827081,0,0,0.562083,0,0,68.4,291.6,69.5986,69.5986,12,software_9axis_fusion,2,65,0,0,0
5800,58,0,0,1,0,0,12,7.66859,-20.6202,45,0,0,1,0,0,12,7.66859,-20.6202,45,7.66859,-20.6202,45,50.0899,0.821149,0,0,0.570714,0,0,69.6,290.4,70.7986,70.7986,12,software_9axis_fusion,2,65,0,0,0
5900,59,0,0,1,0,0,12,7.23507,-20.7763,45,0,0,1,0,0,12,7.23507,-20.7763,45,7.23507,-20.7763,45,50.0899,0.815128,0,0,0.579281,0,0,70.8,289.2,71.9985,71.9985,12,software_9axis_fusion,2,65,0,0,0
6000,60,0,0,1,0,0,12,6.79837,-20.9232,45,0,0,1,0,0,12,6.79837,-20.9232,45,6.79837,-20.9232,45,50.0899,0.809017,0,0,0.587785,0,0,72,288,73.1985,73.1985,12,software_9axis_fusion,2,65,0,0,0
6100,61,0,0,1,0,0,12,6.3587,-21.061,45,0,0,1,0,0,12,6.3587,-21.061,45,6.3587,-21.061,45,50.0899,0.802817,0,0,0.596225,0,0,73.2,286.8,74.3985,74.3985,12,software_9axis_fusion,2,65,0,0,0
6200,62,0,0,1,0,0,12,5.91624,-21.1896,45,0,0,1,0,0,12,5.91624,-21.1896,45,5.91624,-21.1896,45,50.0899,0.79653,0,0,0.604599,0,0,74.4,285.6,75.5985,75.5985,12,software_9axis_fusion,2,65,0,0,0
6300,63,0,0,1,0,0,12,5.47118,-21.3088,45,0,0,1,0,0,12,5.47118,-21.3088,45,5.47118,-21.3088,45,50.0899,0.790155,0,0,0.612907,0,0,75.6,284.4,76.7985,76.7985,12,software_9axis_fusion,2,65,0,0,0
6400,64,0,0,1,0,0,12,5.02372,-21.4187,45,0,0,1,0,0,12,5.02372,-21.4187,45,5.02372,-21.4187,45,50.0899,0.783693,0,0,0.621148,0,0,76.8,283.2,77.9985,77.9985,12,software_9axis_fusion,2,65,0,0,0
6500,65,0,0,1,0,0,12,4.57406,-21.5192,45,0,0,1,0,0,12,4.57406,-21.5192,45,4.57406,-21.5192,45,50.0899,0.777146,0,0,0.62932,0,0,78,282,79.1985,79.1985,12,software_9axis_fusion,2,65,0,0,0
6600,66,0,0,1,0,0,12,4.12239,-21.6103,45,0,0,1,0,0,12,4.12239,-21.6103,45,4.12239,-21.6103,45,50.0899,0.770513,0,0,0.637424,0,0,79.2,280.8,80.3985,80.3985,12,software_9axis_fusion,2,65,0,0,0
6700,67,0,0,1,0,0,12,3.66891,-21.6919,45,0,0,1,0,0,12,3.66891,-21.6919,45,3.66891,-21.6919,45,50.0899,0.763796,0,0,0.645458,0,0,80.4,279.6,81.5985,81.5985,12,software_9axis_fusion,2,65,0,0,0
6800,68,0,0,1,0,0,12,3.21383,-21.764,45,0,0,1,0,0,12,3.21383,-21.764,45,3.21383,-21.764,45,50.0899,0.756995,0,0,0.653421,0,0,81.6,278.4,82.7984,82.7984,12,software_9axis_fusion,2,65,0,0,0
6900,69,0,0,1,0,0,12,2.75733,-21.8265,45,0,0,1,0,0,12,2.75733,-21.8265,45,2.75733,-21.8265,45,50.0899,0.750111,0,0,0.661312,0,0,82.8,277.2,83.9984,83.9984,12,software_9axis_fusion,2,65,0,0,0
7000,70,0,0,1,0,0,12,2.29963,-21.8795,45,0,0,1,0,0,12,2.29963,-21.8795,45,2.29963,-21.8795,45,50.0899,0.743145,0,0,0.669131,0,0,84,276,85.1984,85.1984,12,software_9axis_fusion,2,65,0,0,0
7100,71,0,0,1,0,0,12,1.84091,-21.9228,45,0,0,1,0,0,12,1.84091,-21.9228,45,1.84091,-21.9228,45,50.0899,0.736097,0,0,0.676876,0,0,85.2,274.8,86.3984,86.3984,12,software_9axis_fusion,2,65,0,0,0
7200,72,0,0,1,0,0,12,1.38139,-21.9566,45,0,0,1,0,0,12,1.38139,-21.9566,45,1.38139,-21.9566,45,50.0899,0.728969,0,0,0.684547,0,0,86.4,273.6,87.5984,87.5984,12,software_9axis_fusion,2,65,0,0,0
7300,73,0,0,1,0,0,12,0.921264,-21.9807,45,0,0,1,0,0,12,0.921264,-21.9807,45,0.921264,-21.9807,45,50.0899,0.72176,0,0,0.692143,0,0,87.6,272.4,88.7984,88.7984,12,software_9axis_fusion,2,65,0,0,0
7400,74,0,0,1,0,0,12,0.460733,-21.9952,45,0,0,1,0,0,12,0.460733,-21.9952,45,0.460733,-21.9952,45,50.0899,0.714473,0,0,0.699663,0,0,88.8,271.2,89.9984,89.9984,12,software_9axis_fusion,2,65,0,0,0
7500,75,0,0,1,0,0,12,1.34711e-15,-22,45,0,0,1,0,0,12,1.34711e-15,-22,45,1.34711e-15,-22,45,50.0899,0.707107,0,0,0.707107,0,0,90,270,91.1984,91.1984,12,software_9axis_fusion,2,65,0,0,0
7600,76,0,0,1,0,0,12,-0.460733,-21.9952,45,0,0,1,0,0,12,-0.460733,-21.9952,45,-0.460733,-21.9952,45,50.0899,0.699663,0,0,0.714473,0,0,91.2,268.8,92.3984,92.3984,12,software_9axis_fusion,2,65,0,0,0
7700,77,0,0,1,0,0,12,-0.921264,-21.9807,45,0,0,1,0,0,12,-0.921264,-21.9807,45,-0.921264,-21.9807,45,50.0899,0.692143,0,0,0.72176,0,0,92.4,267.6,93.5984,93.5984,12,software_9axis_fusion,2,65,0,0,0
7800,78,0,0,1,0,0,12,-1.38139,-21.9566,45,0,0,1,0,0,12,-1.38139,-21.9566,45,-1.38139,-21.9566,45,50.0899,0.684547,0,0,0.728969,0,0,93.6,266.4,94.7984,94.7984,12,software_9axis_fusion,2,65,0,0,0
7900,79,0,0,1,0,0,12,-1.84091,-21.9228,45,0,0,1,0,0,12,-1.84091,-21.9228,45,-1.84091,-21.9228,45,50.0899,0.676876,0,0,0.736097,0,0,94.8,265.2,95.9983,95.9983,12,software_9axis_fusion,2,65,0,0,0
8000,80,0,0,1,0,0,12,-2.29963,-21.8795,45,0,0,1,0,0,12,-2.29963,-21.8795,45,-2.29963,-21.8795,45,50.0899,0.669131,0,0,0.743145,0,0,96,264,97.1983,97.1983,12,software_9axis_fusion,2,65,0,0,0
8100,81,0,0,1,0,0,12,-2.75733,-21.8265,45,0,0,1,0,0,12,-2.75733,-21.8265,45,-2.75733,-21.8265,45,50.0899,0.661312,0,0,0.750111,0,0,97.2,262.8,98.3983,98.3983,12,software_9axis_fusion,2,65,0,0,0
8200,82,0,0,1,0,0,12,-3.21383,-21.764,45,0,0,1,0,0,12,-3.21383,-21.764,45,-3.21383,-21.764,45,50.0899,0.653421,0,0,0.756995,0,0,98.4,261.6,99.5983,99.5983,12,software_9axis_fusion,2,65,0,0,0
8300,83,0,0,1,0,0,12,-3.66891,-21.6919,45,0,0,1,0,0,12,-3.66891,-21.6919,45,-3.66891,-21.6919,45,50.0899,0.645458,0,0,0.763796,0,0,99.6,260.4,100.798,100.798,12,software_9axis_fusion,2,65,0,0,0
8400,84,0,0,1,0,0,12,-4.12239,-21.6103,45,0,0,1,0,0,12,-4.12239,-21.6103,45,-4.12239,-21.6103,45,50.0899,0.637424,0,0,0.770513,0,0,100.8,259.2,101.998,101.998,12,software_9axis_fusion,2,65,0,0,0
8500,85,0,0,1,0,0,12,-4.57406,-21.5192,45,0,0,1,0,0,12,-4.57406,-21.5192,45,-4.57406,-21.5192,45,50.0899,0.62932,0,0,0.777146,0,0,102,258,103.198,103.198,12,software_9axis_fusion,2,65,0,0,0
8600,86,0,0,1,0,0,12,-5.02372,-21.4187,45,0,0,1,0,0,12,-5.02372,-21.4187,45,-5.02372,-21.4187,45,50.0899,0.621148,0,0,0.783693,0,0,103.2,256.8,104.398,104.398,12,software_9axis_fusion,2,65,0,0,0
8700,87,0,0,1,0,0,12,-5.47118,-21.3088,45,0,0,1,0,0,12,-5.47118,-21.3088,45,-5.47118,-21.3088,45,50.0899,0.612907,0,0,0.790155,0,0,104.4,255.6,105.598,105.598,12,software_9axis_fusion,2,65,0,0,0
8800,88,0,0,1,0,0,12,-5.91624,-21.1896,45,0,0,1,0,0,12,-5.91624,-21.1896,45,-5.91624,-21.1896,45,50.0899,0.604599,0,0,0.79653,0,0,105.6,254.4,106.798,106.798,12,software_9axis_fusion,2,65,0,0,0
8900,89,0,0,1,0,0,12,-6.3587,-21.061,45,0,0,1,0,0,12,-6.3587,-21.061,45,-6.3587,-21.061,45,50.0899,0.596225,0,0,0.802817,0,0,106.8,253.2,107.998,107.998,12,software_9axis_fusion,2,65,0,0,0
9000,90,0,0,1,0,0,12,-6.79837,-20.9232,45,0,0,1,0,0,12,-6.79837,-20.9232,45,-6.79837,-20.9232,45,50.0899,0.587785,0,0,0.809017,0,0,108,252,109.198,109.198,12,software_9axis_fusion,2,65,0,0,0
9100,91,0,0,1,0,0,12,-7.23507,-20.7763,45,0,0,1,0,0,12,-7.23507,-20.7763,45,-7.23507,-20.7763,45,50.0899,0.579281,0,0,0.815128,0,0,109.2,250.8,110.398,110.398,12,software_9axis_fusion,2,65,0,0,0
9200,92,0,0,1,0,0,12,-7.66859,-20.6202,45,0,0,1,0,0,12,-7.66859,-20.6202,45,-7.66859,-20.6202,45,50.0899,0.570714,0,0,0.821149,0,0,110.4,249.6,111.598,111.598,12,software_9axis_fusion,2,65,0,0,0
9300,93,0,0,1,0,0,12,-8.09874,-20.4551,45,0,0,1,0,0,12,-8.09874,-20.4551,45,-8.09874,-20.4551,45,50.0899,0.562083,0,0,0.827081,0,0,111.6,248.4,112.798,112.798,12,software_9axis_fusion,2,65,0,0,0
9400,94,0,0,1,0,0,12,-8.52534,-20.281,45,0,0,1,0,0,12,-8.52534,-20.281,45,-8.52534,-20.281,45,50.0899,0.553392,0,0,0.832921,0,0,112.8,247.2,113.998,113.998,12,software_9axis_fusion,2,65,0,0,0
9500,95,0,0,1,0,0,12,-8.94821,-20.098,45,0,0,1,0,0,12,-8.94821,-20.098,45,-8.94821,-20.098,45,50.0899,0.544639,0,0,0.838671,0,0,114,246,115.198,115.198,12,software_9axis_fusion,2,65,0,0,0
9600,96,0,0,1,0,0,12,-9.36714,-19.9062,45,0,0,1,0,0,12,-9.36714,-19.9062,45,-9.36714,-19.9062,45,50.0899,0.535827,0,0,0.844328,0,0,115.2,244.8,116.398,116.398,12,software_9axis_fusion,2,65,0,0,0
9700,97,0,0,1,0,0,12,-9.78197,-19.7057,45,0,0,1,0,0,12,-9.78197,-19.7057,45,-9.78197,-19.7057,45,50.0899,0.526956,0,0,0.849893,0,0,116.4,243.6,117.598,117.598,12,software_9axis_fusion,2,65,0,0,0
9800,98,0,0,1,0,0,12,-10.1925,-19.4965,45,0,0,1,0,0,12,-10.1925,-19.4965,45,-10.1925,-19.4965,45,50.0899,0.518027,0,0,0.855364,0,0,117.6,242.4,118.798,118.798,12,software_9axis_fusion,2,65,0,0,0
9900,99,0,0,1,0,0,12,-10.5986,-19.2787,45,0,0,1,0,0,12,-10.5986,-19.2787,45,-10.5986,-19.2787,45,50.0899,0.509041,0,0,0.860742,0,0,118.8,241.2,119.998,119.998,12,software_9axis_fusion,2,65,0,0,0
10000,100,0,0,1,0,0,12,-11,-19.0526,45,0,0,1,0,0,12,-11,-19.0526,45,-11,-19.0526,45,50.0899,0.5,0,0,0.866025,0,0,120,240,121.198,121.198,12,software_9axis_fusion,2,65,0,0,0
10100,101,0,0,1,0,0,12,-11.3966,-18.818,45,0,0,1,0,0,12,-11.3966,-18.818,45,-11.3966,-18.818,45,50.0899,0.490904,0,0,0.871214,0,0,121.2,238.8,122.398,122.398,12,software_9axis_fusion,2,65,0,0,0
10200,102,0,0,1,0,0,12,-11.7882,-18.5752,45,0,0,1,0,0,12,-11.7882,-18.5752,45,-11.7882,-18.5752,45,50.0899,0.481754,0,0,0.876307,0,0,122.4,237.6,123.598,123.598,12,software_9axis_fusion,2,65,0,0,0
10300,103,0,0,1,0,0,12,-12.1746,-18.3243,45,0,0,1,0,0,12,-12.1746,-18.3243,45,-12.1746,-18.3243,45,50.0899,0.472551,0,0,0.881303,0,0,123.6,236.4,124.798,124.798,12,software_9axis_fusion,2,65,0,0,0
10400,104,0,0,1,0,0,12,-12.5557,-18.0653,45,0,0,1,0,0,12,-12.5557,-18.0653,45,-12.5557,-18.0653,45,50.0899,0.463296,0,0,0.886204,0,0,124.8,235.2,125.998,125.998,12,software_9axis_fusion,2,65,0,0,0
10500,105,0,0,1,0,0,12,-12.9313,-17.7984,45,0,0,1,0,0,12,-12.9313,-17.7984,45,-12.9313,-17.7984,45,50.0899,0.45399,0,0,0.891007,0,0,126,234,127.198,127.198,12,software_9axis_fusion,2,65,0,0,0
10600,106,0,0,1,0,0,12,-13.3012,-17.5237,45,0,0,1,0,0,12,-13.3012,-17.5237,45,-13.3012,-17.5237,45,50.0899,0.444635,0,0,0.895712,0,0,127.2,232.8,128.398,128.398,12,software_9axis_fusion,2,65,0,0,0
10700,107,0,0,1,0,0,12,-13.6653,-17.2413,45,0,0,1,0,0,12,-13.6653,-17.2413,45,-13.6653,-17.2413,45,50.0899,0.435231,0,0,0.900319,0,0,128.4,231.6,129.598,129.598,12,software_9axis_fusion,2,65,0,0,0
10800,108,0,0,1,0,0,12,-14.0233,-16.9513,45,0,0,1,0,0,12,-14.0233,-16.9513,45,-14.0233,-16.9513,45,50.0899,0.425779,0,0,0.904827,0,0,129.6,230.4,130.798,130.798,12,software_9axis_fusion,2,65,0,0,0
10900,109,0,0,1,0,0,12,-14.3753,-16.6539,45,0,0,1,0,0,12,-14.3753,-16.6539,45,-14.3753,-16.6539,45,50.0899,0.416281,0,0,0.909236,0,0,130.8,229.2,131.998,131.998,12,software_9axis_fusion,2,65,0,0,0
11000,110,0,0,1,0,0,12,-14.7209,-16.3492,45,0,0,1,0,0,12,-14.7209,-16.3492,45,-14.7209,-16.3492,45,50.0899,0.406737,0,0,0.913545,0,0,132,228,133.198,133.198,12,software_9axis_fusion,2,65,0,0,0
11100,111,0,0,1,0,0,12,-15.06,-16.0373,45,0,0,1,0,0,12,-15.06,-16.0373,45,-15.06,-16.0373,45,50.0899,0.397148,0,0,0.917755,0,0,133.2,226.8,134.398,134.398,12,software_9axis_fusion,2,65,0,0,0
11200,112,0,0,1,0,0,12,-15.3926,-15.7184,45,0,0,1,0,0,12,-15.3926,-15.7184,45,-15.3926,-15.7184,45,50.0899,0.387516,0,0,0.921863,0,0,134.4,225.6,135.598,135.598,12,software_9axis_fusion,2,65,0,0,0
11300,113,0,0,1,0,0,12,-15.7184,-15.3926,45,0,0,1,0,0,12,-15.7184,-15.3926,45,-15.7184,-15.3926,45,50.0899,0.377841,0,0,0.925871,0,0,135.6,224.4,136.798,136.798,12,software_9axis_fusion,2,65,0,0,0
11400,114,0,0,1,0,0,12,-16.0373,-15.06,45,0,0,1,0,0,12,-16.0373,-15.06,45,-16.0373,-15.06,45,50.0899,0.368125,0,0,0.929776,0,0,136.8,223.2,137.998,137.998,12,software_9axis_fusion,2,65,0,0,0
11500,115,0,0,1,0,0,12,-16.3492,-14.7209,45,0,0,1,0,0,12,-16.3492,-14.7209,45,-16.3492,-14.7209,45,50.0899,0.358368,0,0,0.93358,0,0,138,222,139.198,139.198,12,software_9axis_fusion,2,65,0,0,0
11600,116,0,0,1,0,0,12,-16.6539,-14.3753,45,0,0,1,0,0,12,-16.6539,-14.3753,45,-16.6539,-14.3753,45,50.0899,0.348572,0,0,0.937282,0,0,139.2,220.8,140.398,140.398,12,software_9axis_fusion,2,65,0,0,0
11700,117,0,0,1,0,0,12,-16.9513,-14.0233,45,0,0,1,0,0,12,-16.9513,-14.0233,45,-16.9513,-14.0233,45,50.0899,0.338738,0,0,0.940881,0,0,140.4,219.6,141.598,141.598,12,software_9axis_fusion,2,65,0,0,0
11800,118,0,0,1,0,0,12,-17.2413,-13.6653,45,0,0,1,0,0,12,-17.2413,-13.6653,45,-17.2413,-13.6653,45,50.0899,0.328867,0,0,0.944376,0,0,141.6,218.4,142.798,142.798,12,software_9axis_fusion,2,65,0,0,0
11900,119,0,0,1,0,0,12,-17.5237,-13.3012,45,0,0,1,0,0,12,-17.5237,-13.3012,45,-17.5237,-13.3012,45,50.0899,0.318959,0,0,0.947768,0,0,142.8,217.2,143.998,143.998,12,software_9axis_fusion,2,65,0,0,0
12000,120,0,0,1,0,0,12,-17.7984,-12.9313,45,0,0,1,0,0,12,-17.7984,-12.9313,45,-17.7984,-12.9313,45,50.0899,0.309017,0,0,0.951057,0,0,144,216,145.198,145.198,12,software_9axis_fusion,2,65,0,0,0
12100,121,0,0,1,0,0,12,-18.0653,-12.5557,45,0,0,1,0,0,12,-18.0653,-12.5557,45,-18.0653,-12.5557,45,50.0899,0.299041,0,0,0.95424,0,0,145.2,214.8,146.398,146.398,12,software_9axis_fusion,2,65,0,0,0
12200,122,0,0,1,0,0,12,-18.3243,-12.1746,45,0,0,1,0,0,12,-18.3243,-12.1746,45,-18.3243,-12.1746,45,50.0899,0.289032,0,0,0.957319,0,0,146.4,213.6,147.598,147.598,12,software_9axis_fusion,2,65,0,0,0
12300,123,0,0,1,0,0,12,-18.5752,-11.7882,45,0,0,1,0,0,12,-18.5752,-11.7882,45,-18.5752,-11.7882,45,50.0899,0.278991,0,0,0.960294,0,0,147.6,212.4,148.798,148.798,12,software_9axis_fusion,2,65,0,0,0
12400,124,0,0,1,0,0,12,-18.818,-11.3966,45,0,0,1,0,0,12,-18.818,-11.3966,45,-18.818,-11.3966,45,50.0899,0.26892,0,0,0.963163,0,0,148.8,211.2,149.998,149.998,12,software_9axis_fusion,2,65,0,0,0
12500,125,0,0,1,0,0,12,-19.0526,-11,45,0,0,1,0,0,12,-19.0526,-11,45,-19.0526,-11,45,50.0899,0.258819,0,0,0.965926,0,0,150,210,151.198,151.198,12,software_9axis_fusion,2,65,0,0,0
12600,126,0,0,1,0,0,12,-19.2787,-10.5986,45,0,0,1,0,0,12,-19.2787,-10.5986,45,-19.2787,-10.5986,45,50.0899,0.24869,0,0,0.968583,0,0,151.2,208.8,152.398,152.398,12,software_9axis_fusion,2,65,0,0,0
12700,127,0,0,1,0,0,12,-19.4965,-10.1925,45,0,0,1,0,0,12,-19.4965,-10.1925,45,-19.4965,-10.1925,45,50.0899,0.238533,0,0,0.971134,0,0,152.4,207.6,153.598,153.598,12,software_9axis_fusion,2,65,0,0,0
12800,128,0,0,1,0,0,12,-19.7057,-9.78197,45,0,0,1,0,0,12,-19.7057,-9.78197,45,-19.7057,-9.78197,45,50.0899,0.228351,0,0,0.973579,0,0,153.6,206.4,154.798,154.798,12,software_9axis_fusion,2,65,0,0,0
12900,129,0,0,1,0,0,12,-19.9062,-9.36714,45,0,0,1,0,0,12,-19.9062,-9.36714,45,-19.9062,-9.36714,45,50.0899,0.218143,0,0,0.975917,0,0,154.8,205.2,155.998,155.998,12,software_9axis_fusion,2,65,0,0,0
13000,130,0,0,1,0,0,12,-20.098,-8.94821,45,0,0,1,0,0,12,-20.098,-8.94821,45,-20.098,-8.94821,45,50.0899,0.207912,0,0,0.978148,0,0,156,204,157.198,157.198,12,software_9axis_fusion,2,65,0,0,0
13100,131,0,0,1,0,0,12,-20.281,-8.52534,45,0,0,1,0,0,12,-20.281,-8.52534,45,-20.281,-8.52534,45,50.0899,0.197657,0,0,0.980271,0,0,157.2,202.8,158.398,158.398,12,software_9axis_fusion,2,65,0,0,0
13200,132,0,0,1,0,0,12,-20.4551,-8.09874,45,0,0,1,0,0,12,-20.4551,-8.09874,45,-20.4551,-8.09874,45,50.0899,0.187381,0,0,0.982287,0,0,158.4,201.6,159.598,159.598,12,software_9axis_fusion,2,65,0,0,0
13300,133,0,0,1,0,0,12,-20.6202,-7.66859,45,0,0,1,0,0,12,-20.6202,-7.66859,45,-20.6202,-7.66859,45,50.0899,0.177085,0,0,0.984196,0,0,159.6,200.4,160.798,160.798,12,software_9axis_fusion,2,65,0,0,0
13400,134,0,0,1,0,0,12,-20.7763,-7.23507,45,0,0,1,0,0,12,-20.7763,-7.23507,45,-20.7763,-7.23507,45,50.0899,0.166769,0,0,0.985996,0,0,160.8,199.2,161.998,161.998,12,software_9axis_fusion,2,65,0,0,0
13500,135,0,0,1,0,0,12,-20.9232,-6.79837,45,0,0,1,0,0,12,-20.9232,-6.79837,45,-20.9232,-6.79837,45,50.0899,0.156434,0,0,0.987688,0,0,162,198,163.198,163.198,12,software_9axis_fusion,2,65,0,0,0
13600,136,0,0,1,0,0,12,-21.061,-6.3587,45,0,0,1,0,0,12,-21.061,-6.3587,45,-21.061,-6.3587,45,50.0899,0.146083,0,0,0.989272,0,0,163.2,196.8,164.398,164.398,12,software_9axis_fusion,2,65,0,0,0
13700,137,0,0,1,0,0,12,-21.1896,-5.91624,45,0,0,1,0,0,12,-21.1896,-5.91624,45,-21.1896,-5.91624,45,50.0899,0.135716,0,0,0.990748,0,0,164.4,195.6,165.598,165.598,12,software_9axis_fusion,2,65,0,0,0
13800,138,0,0,1,0,0,12,-21.3088,-5.47118,45,0,0,1,0,0,12,-21.3088,-5.47118,45,-21.3088,-5.47118,45,50.0899,0.125333,0,0,0.992115,0,0,165.6,194.4,166.798,166.798,12,software_9axis_fusion,2,1,0,0,0
13900,139,0,0,1,0,0,12,-21.4187,-5.02372,45,0,0,1,0,0,12,-21.4187,-5.02372,45,-21.4187,-5.02372,45,50.0899,0.114937,0,0,0.993373,0,0,166.8,193.2,167.998,167.998,12,software_9axis_fusion,2,1,0,0,0
14000,140,0,0,1,0,0,12,-21.5192,-4.57406,45,0,0,1,0,0,12,-21.5192,-4.57406,45,-21.5192,-4.57406,45,50.0899,0.104528,0,0,0.994522,0,0,168,192,169.198,169.198,12,software_9axis_fusion,2,0,0,0,0
14100,141,0,0,1,0,0,12,-21.6103,-4.12239,45,0,0,1,0,0,12,-21.6103,-4.12239,45,-21.6103,-4.12239,45,50.0899,0.0941083,0,0,0.995562,0,0,169.2,190.8,170.398,170.398,12,software_9axis_fusion,2,0,0,0,0
14200,142,0,0,1,0,0,12,-21.6919,-3.66891,45,0,0,1,0,0,12,-21.6919,-3.66891,45,-21.6919,-3.66891,45,50.0899,0.0836778,0,0,0.996493,0,0,170.4,189.6,171.598,171.598,12,software_9axis_fusion,2,0,0,0,0
14300,143,0,0,1,0,0,12,-21.764,-3.21383,45,0,0,1,0,0,12,-21.764,-3.21383,45,-21.764,-3.21383,45,50.0899,0.0732382,0,0,0.997314,0,0,171.6,188.4,172.798,172.798,12,software_9axis_fusion,2,0,0,0,0
14400,144,0,0,1,0,0,12,-21.8265,-2.75733,45,0,0,1,0,0,12,-21.8265,-2.75733,45,-21.8265,-2.75733,45,50.0899,0.0627905,0,0,0.998027,0,0,172.8,187.2,173.998,173.998,12,software_9axis_fusion,2,0,0,0,0
14500,145,0,0,1,0,0,12,-21.8795,-2.29963,45,0,0,1,0,0,12,-21.8795,-2.29963,45,-21.8795,-2.29963,45,50.0899,0.052336,0,0,0.99863,0,0,174,186,175.198,175.198,12,software_9axis_fusion,2,0,0,0,0
14600,146,0,0,1,0,0,12,-21.9228,-1.84091,45,0,0,1,0,0,12,-21.9228,-1.84091,45,-21.9228,-1.84091,45,50.0899,0.0418757,0,0,0.999123,0,0,175.2,184.8,176.398,176.398,12,software_9axis_fusion,2,0,0,0,0
14700,147,0,0,1,0,0,12,-21.9566,-1.38139,45,0,0,1,0,0,12,-21.9566,-1.38139,45,-21.9566,-1.38139,45,50.0899,0.0314108,0,0,0.999507,0,0,176.4,183.6,177.598,177.598,12,software_9axis_fusion,2,0,0,0,0
14800,148,0,0,1,0,0,12,-21.9807,-0.921264,45,0,0,1,0,0,12,-21.9807,-0.921264,45,-21.9807,-0.921264,45,50.0899,0.0209424,0,0,0.999781,0,0,177.6,182.4,178.798,178.798,12,software_9axis_fusion,2,0,0,0,0
14900,149,0,0,1,0,0,12,-21.9952,-0.460733,45,0,0,1,0,0,12,-21.9952,-0.460733,45,-21.9952,-0.460733,45,50.0899,0.0104718,0,0,0.999945,0,0,178.8,181.2,179.998,179.998,12,software_9axis_fusion,2,0,0,0,0
15000,150,0,0,1,0,0,12,-22,-2.69422e-15,45,0,0,1,0,0,12,-22,-2.69422e-15,45,-22,-2.69422e-15,45,50.0899,6.12323e-17,0,0,1,0,0,180,180,181.198,181.198,12,software_9axis_fusion,2,0,0,0,0
15100,151,0,0,1,0,0,12,-21.9952,0.460733,45,0,0,1,0,0,12,-21.9952,0.460733,45,-21.9952,0.460733,45,50.0899,-0.0104718,-0,0,0.999945,0,0,181.2,178.8,182.398,182.398,12,software_9axis_fusion,2,0,0,0,0
15200,152,0,0,1,0,0,12,-21.9807,0.921264,45,0,0,1,0,0,12,-21.9807,0.921264,45,-21.9807,0.921264,45,50.0899,-0.0209424,-0,0,0.999781,0,0,182.4,177.6,183.598,183.598,12,software_9axis_fusion,2,0,0,0,0
15300,153,0,0,1,0,0,12,-21.9566,1.38139,45,0,0,1,0,0,12,-21.9566,1.38139,45,-21.9566,1.38139,45,50.0899,-0.0314108,-0,0,0.999507,0,0,183.6,176.4,184.798,184.798,12,software_9axis_fusion,2,0,0,0,0
15400,154,0,0,1,0,0,12,-21.9228,1.84091,45,0,0,1,0,0,12,-21.9228,1.84091,45,-21.9228,1.84091,45,50.0899,-0.0418757,-0,0,0.999123,0,0,184.8,175.2,185.998,185.998,12,software_9axis_fusion,2,0,0,0,0
15500,155,0,0,1,0,0,12,-21.8795,2.29963,45,0,0,1,0,0,12,-21.8795,2.29963,45,-21.8795,2.29963,45,50.0899,-0.052336,-0,0,0.99863,0,0,186,174,187.198,187.198,12,software_9axis_fusion,2,0,0,0,0
15600,156,0,0,1,0,0,12,-21.8265,2.75733,45,0,0,1,0,0,12,-21.8265,2.75733,45,-21.8265,2.75733,45,50.0899,-0.0627905,-0,0,0.998027,0,0,187.2,172.8,188.398,188.398,12,software_9axis_fusion,2,0,0,0,0
15700,157,0,0,1,0,0,12,-21.764,3.21383,45,0,0,1,0,0,12,-21.764,3.21383,45,-21.764,3.21383,45,50.0899,-0.0732382,-0,0,0.997314,0,0,188.4,171.6,189.598,189.598,12,software_9axis_fusion,2,0,0,0,0
15800,158,0,0,1,0,0,12,-21.6919,3.66891,45,0,0,1,0,0,12,-21.6919,3.66891,45,-21.6919,3.66891,45,50.0899,-0.0836778,-0,0,0.996493,0,0,189.6,170.4,190.798,190.798,12,software_9axis_fusion,2,0,0,0,0
15900,159,0,0,1,0,0,12,-21.6103,4.12239,45,0,0,1,0,0,12,-21.6103,4.12239,45,-21.6103,4.12239,45,50.0899,-0.0941083,-0,0,0.995562,0,0,190.8,169.2,191.998,191.998,12,software_9axis_fusion,2,0,0,0,0
16000,160,0,0,1,0,0,12,-21.5192,4.57406,45,0,0,1,0,0,12,-21.5192,4.57406,45,-21.5192,4.57406,45,50.0899,-0.104528,-0,0,0.994522,0,0,192,168,193.198,193.198,12,software_9axis_fusion,2,0,0,0,0
16100,161,0,0,1,0,0,12,-21.4187,5.02372,45,0,0,1,0,0,12,-21.4187,5.02372,45,-21.4187,5.02372,45,50.0899,-0.114937,-0,0,0.993373,0,0,193.2,166.8,194.398,194.398,12,software_9axis_fusion,2,0,0,0,0
16200,162,0,0,1,0,0,12,-21.3088,5.47118,45,0,0,1,0,0,12,-21.3088,5.47118,45,-21.3088,5.47118,45,50.0899,-0.125333,-0,0,0.992115,0,0,194.4,165.6,195.598,195.598,12,software_9axis_fusion,2,0,0,0,0
16300,163,0,0,1,0,0,12,-21.1896,5.91624,45,0,0,1,0,0,12,-21.1896,5.91624,45,-21.1896,5.91624,45,50.0899,-0.135716,-0,0,0.990748,0,0,195.6,164.4,196.798,196.798,12,software_9axis_fusion,2,65,0,0,0
16400,164,0,0,1,0,0,12,-21.061,6.3587,45,0,0,1,0,0,12,-21.061,6.3587,45,-21.061,6.3587,45,50.0899,-0.146083,-0,0,0.989272,0,0,196.8,163.2,197.998,197.998,12,software_9axis_fusion,2,65,0,0,0
16500,165,0,0,1,0,0,12,-20.9232,6.79837,45,0,0,1,0,0,12,-20.9232,6.79837,45,-20.9232,6.79837,45,50.0899,-0.156434,-0,0,0.987688,0,0,198,162,199.198,199.198,12,software_9axis_fusion,2,65,0,0,0
16600,166,0,0,1,0,0,12,-20.7763,7.23507,45,0,0,1,0,0,12,-20.7763,7.23507,45,-20.7763,7.23507,45,50.0899,-0.166769,-0,0,0.985996,0,0,199.2,160.8,200.398,200.398,12,software_9axis_fusion,2,65,0,0,0
16700,167,0,0,1,0,0,12,-20.6202,7.66859,45,0,0,1,0,0,12,-20.6202,7.66859,45,-20.6202,7.66859,45,50.0899,-0.177085,-0,0,0.984196,0,0,200.4,159.6,201.598,201.598,12,software_9axis_fusion,2,65,0,0,0
16800,168,0,0,1,0,0,12,-20.4551,8.09874,45,0,0,1,0,0,12,-20.4551,8.09874,45,-20.4551,8.09874,45,50.0899,-0.187381,-0,0,0.982287,0,0,201.6,158.4,202.798,202.798,12,software_9axis_fusion,2,65,0,0,0
16900,169,0,0,1,0,0,12,-20.281,8.52534,45,0,0,1,0,0,12,-20.281,8.52534,45,-20.281,8.52534,45,50.0899,-0.197657,-0,0,0.980271,0,0,202.8,157.2,203.998,203.998,12,software_9axis_fusion,2,65,0,0,0
17000,170,0,0,1,0,0,12,-20.098,8.94821,45,0,0,1,0,0,12,-20.098,8.94821,45,-20.098,8.94821,45,50.0899,-0.207912,-0,0,0.978148,0,0,204,156,205.198,205.198,12,software_9axis_fusion,2,65,0,0,0
17100,171,0,0,1,0,0,12,-19.9062,9.36714,45,0,0,1,0,0,12,-19.9062,9.36714,45,-19.9062,9.36714,45,50.0899,-0.218143,-0,0,0.975917,0,0,205.2,154.8,206.398,206.398,12,software_9axis_fusion,2,65,0,0,0
17200,172,0,0,1,0,0,12,-19.7057,9.78197,45,0,0,1,0,0,12,-19.7057,9.78197,45,-19.7057,9.78197,45,50.0899,-0.228351,-0,0,0.973579,0,0,206.4,153.6,207.598,207.598,12,software_9axis_fusion,2,65,0,0,0
17300,173,0,0,1,0,0,12,-19.4965,10.1925,45,0,0,1,0,0,12,-19.4965,10.1925,45,-19.4965,10.1925,45,50.0899,-0.238533,-0,0,0.971134,0,0,207.6,152.4,208.798,208.798,12,software_9axis_fusion,2,65,0,0,0
17400,174,0,0,1,0,0,12,-19.2787,10.5986,45,0,0,1,0,0,12,-19.2787,10.5986,45,-19.2787,10.5986,45,50.0899,-0.24869,-0,0,0.968583,0,0,208.8,151.2,209.998,209.998,12,software_9axis_fusion,2,65,0,0,0
17500,175,0,0,1,0,0,12,-19.0526,11,45,0,0,1,0,0,12,-19.0526,11,45,-19.0526,11,45,50.0899,-0.258819,-0,0,0.965926,0,0,210,150,211.198,211.198,12,software_9axis_fusion,2,65,0,0,0
17600,176,0,0,1,0,0,12,-18.818,11.3966,45,0,0,1,0,0,12,-18.818,11.3966,45,-18.818,11.3966,45,50.0899,-0.26892,-0,0,0.963163,0,0,211.2,148.8,212.398,212.398,12,software_9axis_fusion,2,65,0,0,0
17700,177,0,0,1,0,0,12,-18.5752,11.7882,45,0,0,1,0,0,12,-18.5752,11.7882,45,-18.5752,11.7882,45,50.0899,-0.278991,-0,0,0.960294,0,0,212.4,147.6,213.598,213.598,12,software_9axis_fusion,2,65,0,0,0
17800,178,0,0,1,0,0,12,-18.3243,12.1746,45,0,0,1,0,0,12,-18.3243,12.1746,45,-18.3243,12.1746,45,50.0899,-0.289032,-0,0,0.957319,0,0,213.6,146.4,214.798,214.798,12,software_9axis_fusion,2,65,0,0,0
17900,179,0,0,1,0,0,12,-18.0653,12.5557,45,0,0,1,0,0,12,-18.0653,12.5557,45,-18.0653,12.5557,45,50.0899,-0.299041,-0,0,0.95424,0,0,214.8,145.2,215.998,215.998,12,software_9axis_fusion,2,65,0,0,0
18000,180,0,0,1,0,0,12,-17.7984,12.9313,45,0,0,1,0,0,12,-17.7984,12.9313,45,-17.7984,12.9313,45,50.0899,-0.309017,-0,0,0.951057,0,0,216,144,217.198,217.198,12,software_9axis_fusion,2,65,0,0,0
18100,181,0,0,1,0,0,12,-17.5237,13.3012,45,0,0,1,0,0,12,-17.5237,13.3012,45,-17.5237,13.3012,45,50.0899,-0.318959,-0,0,0.947768,0,0,217.2,142.8,218.398,218.398,12,software_9axis_fusion,2,65,0,0,0
18200,182,0,0,1,0,0,12,-17.2413,13.6653,45,0,0,1,0,0,12,-17.2413,13.6653,45,-17.2413,13.6653,45,50.0899,-0.328867,-0,0,0.944376,0,0,218.4,141.6,219.598,219.598,12,software_9axis_fusion,2,65,0,0,0
18300,183,0,0,1,0,0,12,-16.9513,14.0233,45,0,0,1,0,0,12,-16.9513,14.0233,45,-16.9513,14.0233,45,50.0899,-0.338738,-0,0,0.940881,0,0,219.6,140.4,220.798,220.798,12,software_9axis_fusion,2,65,0,0,0
18400,184,0,0,1,0,0,12,-16.6539,14.3753,45,0,0,1,0,0,12,-16.6539,14.3753,45,-16.6539,14.3753,45,50.0899,-0.348572,-0,0,0.937282,0,0,220.8,139.2,221.998,221.998,12,software_9axis_fusion,2,65,0,0,0
18500,185,0,0,1,0,0,12,-16.3492,14.7209,45,0,0,1,0,0,12,-16.3492,14.7209,45,-16.3492,14.7209,45,50.0899,-0.358368,-0,0,0.93358,0,0,222,138,223.198,223.198,12,software_9axis_fusion,2,65,0,0,0
18600,186,0,0,1,0,0,12,-16.0373,15.06,45,0,0,1,0,0,12,-16.0373,15.06,45,-16.0373,15.06,45,50.0899,-0.368125,-0,0,0.929776,0,0,223.2,136.8,224.398,224.398,12,software_9axis_fusion,2,65,0,0,0
18700,187,0,0,1,0,0,12,-15.7184,15.3926,45,0,0,1,0,0,12,-15.7184,15.3926,45,-15.7184,15.3926,45,50.0899,-0.377841,-0,0,0.925871,0,0,224.4,135.6,225.598,225.598,12,software_9axis_fusion,2,65,0,0,0
18800,188,0,0,1,0,0,12,-15.3926,15.7184,45,0,0,1,0,0,12,-15.3926,15.7184,45,-15.3926,15.7184,45,50.0899,-0.387516,-0,0,0.921863,0,0,225.6,134.4,226.798,226.798,12,software_9axis_fusion,2,65,0,0,0
18900,189,0,0,1,0,0,12,-15.06,16.0373,45,0,0,1,0,0,12,-15.06,16.0373,45,-15.06,16.0373,45,50.0899,-0.397148,-0,0,0.917755,0,0,226.8,133.2,227.998,227.998,12,software_9axis_fusion,2,65,0,0,0
19000,190,0,0,1,0,0,12,-14.7209,16.3492,45,0,0,1,0,0,12,-14.7209,16.3492,45,-14.7209,16.3492,45,50.0899,-0.406737,-0,0,0.913545,0,0,228,132,229.198,229.198,12,software_9axis_fusion,2,65,0,0,0
19100,191,0,0,1,0,0,12,-14.3753,16.6539,45,0,0,1,0,0,12,-14.3753,16.6539,45,-14.3753,16.6539,45,50.0899,-0.416281,-0,0,0.909236,0,0,229.2,130.8,230.398,230.398,12,software_9axis_fusion,2,65,0,0,0
19200,192,0,0,1,0,0,12,-14.0233,16.9513,45,0,0,1,0,0,12,-14.0233,16.9513,45,-14.0233,16.9513,45,50.0899,-0.425779,-0,0,0.904827,0,0,230.4,129.6,231.598,231.598,12,software_9axis_fusion,2,65,0,0,0
19300,193,0,0,1,0,0,12,-13.6653,17.2413,45,0,0,1,0,0,12,-13.6653,17.2413,45,-13.6653,17.2413,45,50.0899,-0.435231,-0,0,0.900319,0,0,231.6,128.4,232.798,232.798,12,software_9axis_fusion,2,65,0,0,0
19400,194,0,0,1,0,0,12,-13.3012,17.5237,45,0,0,1,0,0,12,-13.3012,17.5237,45,-13.3012,17.5237,45,50.0899,-0.444635,-0,0,0.895712,0,0,232.8,127.2,233.998,233.998,12,software_9axis_fusion,2,65,0,0,0
19500,195,0,0,1,0,0,12,-12.9313,17.7984,45,0,0,1,0,0,12,-12.9313,17.7984,45,-12.9313,17.7984,45,50.0899,-0.45399,-0,0,0.891007,0,0,234,126,235.198,235.198,12,software_9axis_fusion,2,65,0,0,0
19600,196,0,0,1,0,0,12,-12.5557,18.0653,45,0,0,1,0,0,12,-12.5557,18.0653,45,-12.5557,18.0653,45,50.0899,-0.463296,-0,0,0.886204,0,0,235.2,124.8,236.398,236.398,12,software_9axis_fusion,2,65,0,0,0
19700,197,0,0,1,0,0,12,-12.1746,18.3243,45,0,0,1,0,0,12,-12.1746,18.3243,45,-12.1746,18.3243,45,50.0899,-0.472551,-0,0,0.881303,0,0,236.4,123.6,237.598,237.598,12,software_9axis_fusion,2,65,0,0,0
19800,198,0,0,1,0,0,12,-11.7882,18.5752,45,0,0,1,0,0,12,-11.7882,18.5752,45,-11.7882,18.5752,45,50.0899,-0.481754,-0,0,0.876307,0,0,237.6,122.4,238.798,238.798,12,software_9axis_fusion,2,65,0,0,0
19900,199,0,0,1,0,0,12,-11.3966,18.818,45,0,0,1,0,0,12,-11.3966,18.818,45,-11.3966,18.818,45,50.0899,-0.490904,-0,0,0.871214,0,0,238.8,121.2,239.998,239.998,12,software_9axis_fusion,2,65,0,0,0
20000,200,0,0,1,0,0,12,-11,19.0526,45,0,0,1,0,0,12,-11,19.0526,45,-11,19.0526,45,50.0899,-0.5,-0,0,0.866025,0,0,240,120,241.198,241.198,12,software_9axis_fusion,2,65,0,0,0
20100,201,0,0,1,0,0,12,-10.5986,19.2787,45,0,0,1,0,0,12,-10.5986,19.2787,45,-10.5986,19.2787,45,50.0899,-0.509041,-0,0,0.860742,0,0,241.2,118.8,242.398,242.398,12,software_9axis_fusion,2,65,0,0,0
20200,202,0,0,1,0,0,12,-10.1925,19.4965,45,0,0,1,0,0,12,-10.1925,19.4965,45,-10.1925,19.4965,45,50.0899,-0.518027,-0,0,0.855364,0,0,242.4,117.6,243.598,243.598,12,software_9axis_fusion,2,65,0,0,0
20300,203,0,0,1,0,0,12,-9.78197,19.7057,45,0,0,1,0,0,12,-9.78197,19.7057,45,-9.78197,19.7057,45,50.0899,-0.526956,-0,0,0.849893,0,0,243.6,116.4,244.798,244.798,12,software_9axis_fusion,2,65,0,0,0
20400,204,0,0,1,0,0,12,-9.36714,19.9062,45,0,0,1,0,0,12,-9.36714,19.9062,45,-9.36714,19.9062,45,50.0899,-0.535827,-0,0,0.844328,0,0,244.8,115.2,245.998,245.998,12,software_9axis_fusion,2,65,0,0,0
20500,205,0,0,1,0,0,12,-8.94821,20.098,45,0,0,1,0,0,12,-8.94821,20.098,45,-8.94821,20.098,45,50.0899,-0.544639,-0,0,0.838671,0,0,246,114,247.198,247.198,12,software_9axis_fusion,2,65,0,0,0
20600,206,0,0,1,0,0,12,-8.52534,20.281,45,0,0,1,0,0,12,-8.52534,20.281,45,-8.52534,20.281,45,50.0899,-0.553392,-0,0,0.832921,0,0,247.2,112.8,248.398,248.398,12,software_9axis_fusion,2,65,0,0,0
20700,207,0,0,1,0,0,12,-8.09874,20.4551,45,0,0,1,0,0,12,-8.09874,20.4551,45,-8.09874,20.4551,45,50.0899,-0.562083,-0,0,0.827081,0,0,248.4,111.6,249.598,249.598,12,software_9axis_fusion,2,65,0,0,0
20800,208,0,0,1,0,0,12,-7.66859,20.6202,45,0,0,1,0,0,12,-7.66859,20.6202,45,-7.66859,20.6202,45,50.0899,-0.570714,-0,0,0.821149,0,0,249.6,110.4,250.798,250.798,12,software_9axis_fusion,2,65,0,0,0
20900,209,0,0,1,0,0,12,-7.23507,20.7763,45,0,0,1,0,0,12,-7.23507,20.7763,45,-7.23507,20.7763,45,50.0899,-0.579281,-0,0,0.815128,0,0,250.8,109.2,251.998,251.998,12,software_9axis_fusion,2,65,0,0,0
21000,210,0,0,1,0,0,12,-6.79837,20.9232,45,0,0,1,0,0,12,-6.79837,20.9232,45,-6.79837,20.9232,45,50.0899,-0.587785,-0,0,0.809017,0,0,252,108,253.198,253.198,12,software_9axis_fusion,2,65,0,0,0
21100,211,0,0,1,0,0,12,-6.3587,21.061,45,0,0,1,0,0,12,-6.3587,21.061,45,-6.3587,21.061,45,50.0899,-0.596225,-0,0,0.802817,0,0,253.2,106.8,254.398,254.398,12,software_9axis_fusion,2,65,0,0,0
21200,212,0,0,1,0,0,12,-5.91624,21.1896,45,0,0,1,0,0,12,-5.91624,21.1896,45,-5.91624,21.1896,45,50.0899,-0.604599,-0,0,0.79653,0,0,254.4,105.6,255.598,255.598,12,software_9axis_fusion,2,65,0,0,0
21300,213,0,0,1,0,0,12,-5.47118,21.3088,45,0,0,1,0,0,12,-5.47118,21.3088,45,-5.47118,21.3088,45,50.0899,-0.612907,-0,0,0.790155,0,0,255.6,104.4,256.798,256.798,12,software_9axis_fusion,2,65,0,0,0
21400,214,0,0,1,0,0,12,-5.02372,21.4187,45,0,0,1,0,0,12,-5.02372,21.4187,45,-5.02372,21.4187,45,50.0899,-0.621148,-0,0,0.783693,0,0,256.8,103.2,257.998,257.998,12,software_9axis_fusion,2,65,0,0,0
21500,215,0,0,1,0,0,12,-4.57406,21.5192,45,0,0,1,0,0,12,-4.57406,21.5192,45,-4.57406,21.5192,45,50.0899,-0.62932,-0,0,0.777146,0,0,258,102,259.198,259.198,12,software_9axis_fusion,2,65,0,0,0
21600,216,0,0,1,0,0,12,-4.12239,21.6103,45,0,0,1,0,0,12,-4.12239,21.6103,45,-4.12239,21.6103,45,50.0899,-0.637424,-0,0,0.770513,0,0,259.2,100.8,260.398,260.398,12,software_9axis_fusion,2,65,0,0,0
21700,217,0,0,1,0,0,12,-3.66891,21.6919,45,0,0,1,0,0,12,-3.66891,21.6919,45,-3.66891,21.6919,45,50.0899,-0.645458,-0,0,0.763796,0,0,260.4,99.6,261.598,261.598,12,software_9axis_fusion,2,65,0,0,0
21800,218,0,0,1,0,0,12,-3.21383,21.764,45,0,0,1,0,0,12,-3.21383,21.764,45,-3.21383,21.764,45,50.0899,-0.653421,-0,0,0.756995,0,0,261.6,98.4,262.798,262.798,12,software_9axis_fusion,2,65,0,0,0
21900,219,0,0,1,0,0,12,-2.75733,21.8265,45,0,0,1,0,0,12,-2.75733,21.8265,45,-2.75733,21.8265,45,50.0899,-0.661312,-0,0,0.750111,0,0,262.8,97.2,263.998,263.998,12,software_9axis_fusion,2,65,0,0,0
22000,220,0,0,1,0,0,12,-2.29963,21.8795,45,0,0,1,0,0,12,-2.29963,21.8795,45,-2.29963,21.8795,45,50.0899,-0.669131,-0,0,0.743145,0,0,264,96,265.198,265.198,12,software_9axis_fusion,2,65,0,0,0
22100,221,0,0,1,0,0,12,-1.84091,21.9228,45,0,0,1,0,0,12,-1.84091,21.9228,45,-1.84091,21.9228,45,50.0899,-0.676876,-0,0,0.736097,0,0,265.2,94.8,266.398,266.398,12,software_9axis_fusion,2,65,0,0,0
22200,222,0,0,1,0,0,12,-1.38139,21.9566,45,0,0,1,0,0,12,-1.38139,21.9566,45,-1.38139,21.9566,45,50.0899,-0.684547,-0,0,0.728969,0,0,266.4,93.6,267.598,267.598,12,software_9axis_fusion,2,65,0,0,0
22300,223,0,0,1,0,0,12,-0.921264,21.9807,45,0,0,1,0,0,12,-0.921264,21.9807,45,-0.921264,21.9807,45,50.0899,-0.692143,-0,0,0.72176,0,0,267.6,92.4,268.798,268.798,12,software_9axis_fusion,2,65,0,0,0
22400,224,0,0,1,0,0,12,-0.460733,21.9952,45,0,0,1,0,0,12,-0.460733,21.9952,45,-0.460733,21.9952,45,50.0899,-0.699663,-0,0,0.714473,0,0,268.8,91.2,269.998,269.998,12,software_9axis_fusion,2,65,0,0,0
22500,225,0,0,1,0,0,12,-4.04133e-15,22,45,0,0,1,0,0,12,-4.04133e-15,22,45,-4.04133e-15,22,45,50.0899,-0.707107,-0,0,0.707107,0,0,270,90,271.198,271.198,12,software_9axis_fusion,2,65,0,0,0
22600,226,0,0,1,0,0,12,0.460733,21.9952,45,0,0,1,0,0,12,0.460733,21.9952,45,0.460733,21.9952,45,50.0899,-0.714473,-0,0,0.699663,0,0,271.2,88.8,272.398,272.398,12,software_9axis_fusion,2,65,0,0,0
22700,227,0,0,1,0,0,12,0.921264,21.9807,45,0,0,1,0,0,12,0.921264,21.9807,45,0.921264,21.9807,45,50.0899,-0.72176,-0,0,0.692143,0,0,272.4,87.6,273.598,273.598,12,software_9axis_fusion,2,65,0,0,0
22800,228,0,0,1,0,0,12,1.38139,21.9566,45,0,0,1,0,0,12,1.38139,21.9566,45,1.38139,21.9566,45,50.0899,-0.728969,-0,0,0.684547,0,0,273.6,86.4,274.798,274.798,12,software_9axis_fusion,2,65,0,0,0
22900,229,0,0,1,0,0,12,1.84091,21.9228,45,0,0,1,0,0,12,1.84091,21.9228,45,1.84091,21.9228,45,50.0899,-0.736097,-0,0,0.676876,0,0,274.8,85.2,275.998,275.998,12,software_9axis_fusion,2,65,0,0,0
23000,230,0,0,1,0,0,12,2.29963,21.8795,45,0,0,1,0,0,12,2.29963,21.8795,45,2.29963,21.8795,45,50.0899,-0.743145,-0,0,0.669131,0,0,276,84,277.198,277.198,12,software_9axis_fusion,2,65,0,0,0
23100,231,0,0,1,0,0,12,2.75733,21.8265,45,0,0,1,0,0,12,2.75733,21.8265,45,2.75733,21.8265,45,50.0899,-0.750111,-0,0,0.661312,0,0,277.2,82.8,278.398,278.398,12,software_9axis_fusion,2,65,0,0,0
23200,232,0,0,1,0,0,12,3.21383,21.764,45,0,0,1,0,0,12,3.21383,21.764,45,3.21383,21.764,45,50.0899,-0.756995,-0,0,0.653421,0,0,278.4,81.6,279.598,279.598,12,software_9axis_fusion,2,65,0,0,0
23300,233,0,0,1,0,0,12,3.66891,21.6919,45,0,0,1,0,0,12,3.66891,21.6919,45,3.66891,21.6919,45,50.0899,-0.763796,-0,0,0.645458,0,0,279.6,80.4,280.798,280.798,12,software_9axis_fusion,2,65,0,0,0
23400,234,0,0,1,0,0,12,4.12239,21.6103,45,0,0,1,0,0,12,4.12239,21.6103,45,4.12239,21.6103,45,50.0899,-0.770513,-0,0,0.637424,0,0,280.8,79.2,281.998,281.998,12,software_9axis_fusion,2,65,0,0,0
23500,235,0,0,1,0,0,12,4.57406,21.5192,45,0,0,1,0,0,12,4.57406,21.5192,45,4.57406,21.5192,45,50.0899,-0.777146,-0,0,0.62932,0,0,282,78,283.198,283.198,12,software_9axis_fusion,2,65,0,0,0
23600,236,0,0,1,0,0,12,5.02372,21.4187,45,0,0,1,0,0,12,5.02372,21.4187,45,5.02372,21.4187,45,50.0899,-0.783693,-0,0,0.621148,0,0,283.2,76.8,284.398,284.398,12,software_9axis_fusion,2,65,0,0,0
23700,237,0,0,1,0,0,12,5.47118,21.3088,45,0,0,1,0,0,12,5.47118,21.3088,45,5.47118,21.3088,45,50.0899,-0.790155,-0,0,0.612907,0,0,284.4,75.6,285.598,285.598,12,software_9axis_fusion,2,65,0,0,0
23800,238,0,0,1,0,0,12,5.91624,21.1896,45,0,0,1,0,0,12,5.91624,21.1896,45,5.91624,21.1896,45,50.0899,-0.79653,-0,0,0.604599,0,0,285.6,74.4,286.798,286.798,12,software_9axis_fusion,2,65,0,0,0
23900,239,0,0,1,0,0,12,6.3587,21.061,45,0,0,1,0,0,12,6.3587,21.061,45,6.3587,21.061,45,50.0899,-0.802817,-0,0,0.596225,0,0,286.8,73.2,287.998,287.998,12,software_9axis_fusion,2,65,0,0,0
24000,240,0,0,1,0,0,12,6.79837,20.9232,45,0,0,1,0,0,12,6.79837,20.9232,45,6.79837,20.9232,45,50.0899,-0.809017,-0,0,0.587785,0,0,288,72,289.198,289.198,12,software_9axis_fusion,2,65,0,0,0
24100,241,0,0,1,0,0,12,7.23507,20.7763,45,0,0,1,0,0,12,7.23507,20.7763,45,7.23507,20.7763,45,50.0899,-0.815128,-0,0,0.579281,0,0,289.2,70.8,290.398,290.398,12,software_9axis_fusion,2,65,0,0,0
24200,242,0,0,1,0,0,12,7.66859,20.6202,45,0,0,1,0,0,12,7.66859,20.6202,45,7.66859,20.6202,45,50.0899,-0.821149,-0,0,0.570714,0,0,290.4,69.6,291.598,291.598,12,software_9axis_fusion,2,65,0,0,0
24300,243,0,0,1,0,0,12,8.09874,20.4551,45,0,0,1,0,0,12,8.09874,20.4551,45,8.09874,20.4551,45,50.0899,-0.827081,-0,0,0.562083,0,0,291.6,68.4,292.798,292.798,12,software_9axis_fusion,2,65,0,0,0
24400,244,0,0,1,0,0,12,8.52534,20.281,45,0,0,1,0,0,12,8.52534,20.281,45,8.52534,20.281,45,50.0899,-0.832921,-0,0,0.553392,0,0,292.8,67.2,293.998,293.998,12,software_9axis_fusion,2,65,0,0,0
24500,245,0,0,1,0,0,12,8.94821,20.098,45,0,0,1,0,0,12,8.94821,20.098,45,8.94821,20.098,45,50.0899,-0.838671,-0,0,0.544639,0,0,294,66,295.198,295.198,12,software_9axis_fusion,2,65,0,0,0
24600,246,0,0,1,0,0,12,9.36714,19.9062,45,0,0,1,0,0,12,9.36714,19.9062,45,9.36714,19.9062,45,50.0899,-0.844328,-0,0,0.535827,0,0,295.2,64.8,296.398,296.398,12,software_9axis_fusion,2,65,0,0,0
24700,247,0,0,1,0,0,12,9.78197,19.7057,45,0,0,1,0,0,12,9.78197,19.7057,45,9.78197,19.7057,45,50.0899,-0.849893,-0,0,0.526956,0,0,296.4,63.6,297.598,297.598,12,software_9axis_fusion,2,65,0,0,0
24800,248,0,0,1,0,0,12,10.1925,19.4965,45,0,0,1,0,0,12,10.1925,19.4965,45,10.1925,19.4965,45,50.0899,-0.855364,-0,0,0.518027,0,0,297.6,62.4,298.798,298.798,12,software_9axis_fusion,2,65,0,0,0
24900,249,0,0,1,0,0,12,10.5986,19.2787,45,0,0,1,0,0,12,10.5986,19.2787,45,10.5986,19.2787,45,50.0899,-0.860742,-0,0,0.509041,0,0,298.8,61.2,299.998,299.998,12,software_9axis_fusion,2,65,0,0,0
25000,250,0,0,1,0,0,12,11,19.0526,45,0,0,1,0,0,12,11,19.0526,45,11,19.0526,45,50.0899,-0.866025,-0,0,0.5,0,0,300,60,301.198,301.198,12,software_9axis_fusion,2,65,0,0,0
25100,251,0,0,1,0,0,12,11.3966,18.818,45,0,0,1,0,0,12,11.3966,18.818,45,11.3966,18.818,45,50.0899,-0.871214,-0,0,0.490904,0,0,301.2,58.8,302.398,302.398,12,software_9axis_fusion,2,65,0,0,0
25200,252,0,0,1,0,0,12,11.7882,18.5752,45,0,0,1,0,0,12,11.7882,18.5752,45,11.7882,18.5752,45,50.0899,-0.876307,-0,0,0.481754,0,0,302.4,57.6,303.598,303.598,12,software_9axis_fusion,2,65,0,0,0
25300,253,0,0,1,0,0,12,12.1746,18.3243,45,0,0,1,0,0,12,12.1746,18.3243,45,12.1746,18.3243,45,50.0899,-0.881303,-0,0,0.472551,0,0,303.6,56.4,304.798,304.798,12,software_9axis_fusion,2,65,0,0,0
25400,254,0,0,1,0,0,12,12.5557,18.0653,45,0,0,1,0,0,12,12.5557,18.0653,45,12.5557,18.0653,45,50.0899,-0.886204,-0,0,0.463296,0,0,304.8,55.2,305.998,305.998,12,software_9axis_fusion,2,65,0,0,0
25500,255,0,0,1,0,0,12,12.9313,17.7984,45,0,0,1,0,0,12,12.9313,17.7984,45,12.9313,17.7984,45,50.0899,-0.891007,-0,0,0.45399,0,0,306,54,307.198,307.198,12,software_9axis_fusion,2,65,0,0,0
25600,256,0,0,1,0,0,12,13.3012,17.5237,45,0,0,1,0,0,12,13.3012,17.5237,45,13.3012,17.5237,45,50.0899,-0.895712,-0,0,0.444635,0,0,307.2,52.8,308.398,308.398,12,software_9axis_fusion,2,65,0,0,0
25700,257,0,0,1,0,0,12,13.6653,17.2413,45,0,0,1,0,0,12,13.6653,17.2413,45,13.6653,17.2413,45,50.0899,-0.900319,-0,0,0.435231,0,0,308.4,51.6,309.598,309.598,12,software_9axis_fusion,2,65,0,0,0
25800,258,0,0,1,0,0,12,14.0233,16.9513,45,0,0,1,0,0,12,14.0233,16.9513,45,14.0233,16.9513,45,50.0899,-0.904827,-0,0,0.425779,0,0,309.6,50.4,310.798,310.798,12,software_9axis_fusion,2,65,0,0,0
25900,259,0,0,1,0,0,12,14.3753,16.6539,45,0,0,1,0,0,12,14.3753,16.6539,45,14.3753,16.6539,45,50.0899,-0.909236,-0,0,0.416281,0,0,310.8,49.2,311.998,311.998,12,software_9axis_fusion,2,65,0,0,0
26000,260,0,0,1,0,0,12,14.7209,16.3492,45,0,0,1,0,0,12,14.7209,16.3492,45,14.7209,16.3492,45,50.0899,-0.913545,-0,0,0.406737,0,0,312,48,313.198,313.198,12,software_9axis_fusion,2,65,0,0,0
26100,261,0,0,1,0,0,12,15.06,16.0373,45,0,0,1,0,0,12,15.06,16.0373,45,15.06,16.0373,45,50.0899,-0.917755,-0,0,0.397148,0,0,313.2,46.8,314.398,314.398,12,software_9axis_fusion,2,65,0,0,0
26200,262,0,0,1,0,0,12,15.3926,15.7184,45,0,0,1,0,0,12,15.3926,15.7184,45,15.3926,15.7184,45,50.0899,-0.921863,-0,0,0.387516,0,0,314.4,45.6,315.598,315.598,12,software_9axis_fusion,2,65,0,0,0
26300,263,0,0,1,0,0,12,15.7184,15.3926,45,0,0,1,0,0,12,15.7184,15.3926,45,15.7184,15.3926,45,50.0899,-0.925871,-0,0,0.377841,0,0,315.6,44.4,316.798,316.798,12,software_9axis_fusion,2,65,0,0,0
26400,264,0,0,1,0,0,12,16.0373,15.06,45,0,0,1,0,0,12,16.0373,15.06,45,16.0373,15.06,45,50.0899,-0.929776,-0,0,0.368125,0,0,316.8,43.2,317.998,317.998,12,software_9axis_fusion,2,65,0,0,0
26500,265,0,0,1,0,0,12,16.3492,14.7209,45,0,0,1,0,0,12,16.3492,14.7209,45,16.3492,14.7209,45,50.0899,-0.93358,-0,0,0.358368,0,0,318,42,319.198,319.198,12,software_9axis_fusion,2,65,0,0,0
26600,266,0,0,1,0,0,12,16.6539,14.3753,45,0,0,1,0,0,12,16.6539,14.3753,45,16.6539,14.3753,45,50.0899,-0.937282,-0,0,0.348572,0,0,319.2,40.8,320.398,320.398,12,software_9axis_fusion,2,65,0,0,0
26700,267,0,0,1,0,0,12,16.9513,14.0233,45,0,0,1,0,0,12,16.9513,14.0233,45,16.9513,14.0233,45,50.0899,-0.940881,-0,0,0.338738,0,0,320.4,39.6,321.598,321.598,12,software_9axis_fusion,2,65,0,0,0
26800,268,0,0,1,0,0,12,17.2413,13.6653,45,0,0,1,0,0,12,17.2413,13.6653,45,17.2413,13.6653,45,50.0899,-0.944376,-0,0,0.328867,0,0,321.6,38.4,322.798,322.798,12,software_9axis_fusion,2,65,0,0,0
26900,269,0,0,1,0,0,12,17.5237,13.3012,45,0,0,1,0,0,12,17.5237,13.3012,45,17.5237,13.3012,45,50.0899,-0.947768,-0,0,0.318959,0,0,322.8,37.2,323.998,323.998,12,software_9axis_fusion,2,65,0,0,0
27000,270,0,0,1,0,0,12,17.7984,12.9313,45,0,0,1,0,0,12,17.7984,12.9313,45,17.7984,12.9313,45,50.0899,-0.951057,-0,0,0.309017,0,0,324,36,325.198,325.198,12,software_9axis_fusion,2,65,0,0,0
27100,271,0,0,1,0,0,12,18.0653,12.5557,45,0,0,1,0,0,12,18.0653,12.5557,45,18.0653,12.5557,45,50.0899,-0.95424,-0,0,0.299041,0,0,325.2,34.8,326.398,326.398,12,software_9axis_fusion,2,65,0,0,0
27200,272,0,0,1,0,0,12,18.3243,12.1746,45,0,0,1,0,0,12,18.3243,12.1746,45,18.3243,12.1746,45,50.0899,-0.957319,-0,0,0.289032,0,0,326.4,33.6,327.598,327.598,12,software_9axis_fusion,2,65,0,0,0
27300,273,0,0,1,0,0,12,18.5752,11.7882,45,0,0,1,0,0,12,18.5752,11.7882,45,18.5752,11.7882,45,50.0899,-0.960294,-0,0,0.278991,0,0,327.6,32.4,328.798,328.798,12,software_9axis_fusion,2,65,0,0,0
27400,274,0,0,1,0,0,12,18.818,11.3966,45,0,0,1,0,0,12,18.818,11.3966,45,18.818,11.3966,45,50.0899,-0.963163,-0,0,0.26892,0,0,328.8,31.2,329.998,329.998,12,software_9axis_fusion,2,65,0,0,0
27500,275,0,0,1,0,0,12,19.0526,11,45,0,0,1,0,0,12,19.0526,11,45,19.0526,11,45,50.0899,-0.965926,-0,0,0.258819,0,0,330,30,331.198,331.198,12,software_9axis_fusion,2,65,0,0,0
27600,276,0,0,1,0,0,12,19.2787,10.5986,45,0,0,1,0,0,12,19.2787,10.5986,45,19.2787,10.5986,45,50.0899,-0.968583,-0,0,0.24869,0,0,331.2,28.8,332.398,332.398,12,software_9axis_fusion,2,65,0,0,0
27700,277,0,0,1,0,0,12,19.4965,10.1925,45,0,0,1,0,0,12,19.4965,10.1925,45,19.4965,10.1925,45,50.0899,-0.971134,-0,0,0.238533,0,0,332.4,27.6,333.598,333.598,12,software_9axis_fusion,2,65,0,0,0
27800,278,0,0,1,0,0,12,19.7057,9.78197,45,0,0,1,0,0,12,19.7057,9.78197,45,19.7057,9.78197,45,50.0899,-0.973579,-0,0,0.228351,0,0,333.6,26.4,334.798,334.798,12,software_9axis_fusion,2,65,0,0,0
27900,279,0,0,1,0,0,12,19.9062,9.36714,45,0,0,1,0,0,12,19.9062,9.36714,45,19.9062,9.36714,45,50.0899,-0.975917,-0,0,0.218143,0,0,334.8,25.2,335.998,335.998,12,software_9axis_fusion,2,65,0,0,0
28000,280,0,0,1,0,0,12,20.098,8.94821,45,0,0,1,0,0,12,20.098,8.94821,45,20.098,8.94821,45,50.0899,-0.978148,-0,0,0.207912,0,0,336,24,337.198,337.198,12,software_9axis_fusion,2,65,0,0,0
28100,281,0,0,1,0,0,12,20.281,8.52534,45,0,0,1,0,0,12,20.281,8.52534,45,20.281,8.52534,45,50.0899,-0.980271,-0,0,0.197657,0,0,337.2,22.8,338.398,338.398,12,software_9axis_fusion,2,65,0,0,0
28200,282,0,0,1,0,0,12,20.4551,8.09874,45,0,0,1,0,0,12,20.4551,8.09874,45,20.4551,8.09874,45,50.0899,-0.982287,-0,0,0.187381,0,0,338.4,21.6,339.598,339.598,12,software_9axis_fusion,2,65,0,0,0
28300,283,0,0,1,0,0,12,20.6202,7.66859,45,0,0,1,0,0,12,20.6202,7.66859,45,20.6202,7.66859,45,50.0899,-0.984196,-0,0,0.177085,0,0,339.6,20.4,340.798,340.798,12,software_9axis_fusion,2,65,0,0,0
28400,284,0,0,1,0,0,12,20.7763,7.23507,45,0,0,1,0,0,12,20.7763,7.23507,45,20.7763,7.23507,45,50.0899,-0.985996,-0,0,0.166769,0,0,340.8,19.2,341.998,341.998,12,software_9axis_fusion,2,65,0,0,0
28500,285,0,0,1,0,0,12,20.9232,6.79837,45,0,0,1,0,0,12,20.9232,6.79837,45,20.9232,6.79837,45,50.0899,-0.987688,-0,0,0.156434,0,0,342,18,343.198,343.198,12,software_9axis_fusion,2,65,0,0,0
28600,286,0,0,1,0,0,12,21.061,6.3587,45,0,0,1,0,0,12,21.061,6.3587,45,21.061,6.3587,45,50.0899,-0.989272,-0,0,0.146083,0,0,343.2,16.8,344.398,344.398,12,software_9axis_fusion,2,65,0,0,0
28700,287,0,0,1,0,0,12,21.1896,5.91624,45,0,0,1,0,0,12,21.1896,5.91624,45,21.1896,5.91624,45,50.0899,-0.990748,-0,0,0.135716,0,0,344.4,15.6,345.598,345.598,12,software_9axis_fusion,2,65,0,0,0
28800,288,0,0,1,0,0,12,21.3088,5.47118,45,0,0,1,0,0,12,21.3088,5.47118,45,21.3088,5.47118,45,50.0899,-0.992115,-0,0,0.125333,0,0,345.6,14.4,346.798,346.798,12,software_9axis_fusion,2,1,0,0,0
28900,289,0,0,1,0,0,12,21.4187,5.02372,45,0,0,1,0,0,12,21.4187,5.02372,45,21.4187,5.02372,45,50.0899,-0.993373,-0,0,0.114937,0,0,346.8,13.2,347.998,347.998,12,software_9axis_fusion,2,1,0,0,0
29000,290,0,0,1,0,0,12,21.5192,4.57406,45,0,0,1,0,0,12,21.5192,4.57406,45,21.5192,4.57406,45,50.0899,-0.994522,-0,0,0.104528,0,0,348,12,349.198,349.198,12,software_9axis_fusion,2,0,0,0,0
29100,291,0,0,1,0,0,12,21.6103,4.12239,45,0,0,1,0,0,12,21.6103,4.12239,45,21.6103,4.12239,45,50.0899,-0.995562,-0,0,0.0941083,0,0,349.2,10.8,350.398,350.398,12,software_9axis_fusion,2,0,0,0,0
29200,292,0,0,1,0,0,12,21.6919,3.66891,45,0,0,1,0,0,12,21.6919,3.66891,45,21.6919,3.66891,45,50.0899,-0.996493,-0,0,0.0836778,0,0,350.4,9.6,351.598,351.598,12,software_9axis_fusion,2,0,0,0,0
29300,293,0,0,1,0,0,12,21.764,3.21383,45,0,0,1,0,0,12,21.764,3.21383,45,21.764,3.21383,45,50.0899,-0.997314,-0,0,0.0732382,0,0,351.6,8.4,352.798,352.798,12,software_9axis_fusion,2,0,0,0,0
29400,294,0,0,1,0,0,12,21.8265,2.75733,45,0,0,1,0,0,12,21.8265,2.75733,45,21.8265,2.75733,45,50.0899,-0.998027,-0,0,0.0627905,0,0,352.8,7.2,353.998,353.998,12,software_9axis_fusion,2,0,0,0,0
29500,295,0,0,1,0,0,12,21.8795,2.29963,45,0,0,1,0,0,12,21.8795,2.29963,45,21.8795,2.29963,45,50.0899,-0.99863,-0,0,0.052336,0,0,354,6,355.198,355.198,12,software_9axis_fusion,2,0,0,0,0
29600,296,0,0,1,0,0,12,21.9228,1.84091,45,0,0,1,0,0,12,21.9228,1.84091,45,21.9228,1.84091,45,50.0899,-0.999123,-0,0,0.0418757,0,0,355.2,4.8,356.398,356.398,12,software_9axis_fusion,2,0,0,0,0
29700,297,0,0,1,0,0,12,21.9566,1.38139,45,0,0,1,0,0,12,21.9566,1.38139,45,21.9566,1.38139,45,50.0899,-0.999507,-0,0,0.0314108,0,0,356.4,3.6,357.598,357.598,12,software_9axis_fusion,2,0,0,0,0
29800,298,0,0,1,0,0,12,21.9807,0.921264,45,0,0,1,0,0,12,21.9807,0.921264,45,21.9807,0.921264,45,50.0899,-0.999781,-0,0,0.0209424,0,0,357.6,2.4,358.798,358.798,12,software_9axis_fusion,2,0,0,0,0
29900,299,0,0,1,0,0,12,21.9952,0.460733,45,0,0,1,0,0,12,21.9952,0.460733,45,21.9952,0.460733,45,50.0899,-0.999945,-0,0,0.0104718,0,0,358.8,1.2,359.998,359.998,12,software_9axis_fusion,2,0,0,0,0
30000,300,0,0,1,0,0,12,22,0,45,0,0,1,0,0,12,22,0,45,22,0,45,50.0899,1,0,0,0,0,0,0,0,1.19795,1.19795,12,software_9axis_fusion,2,0,0,0,0
